Ad?,Company Name,Stars,Phone Number,Yelp URL,Company URL,Email,,,,
Ad,Manhattan Aesthetic Surgery,5.0,(917) 703-7069,http://www.yelp.com/biz/manhattan-aesthetic-surgery-new-york-2,http://www.manhattanaestheticsurgery.com,,60 E 56th St7th Fl,New York,NY,10022
Natural,The Dermatology & Plastic Surgery Group,4.5,(212) 884-0444,http://yelp.com/biz/the-dermatology-and-plastic-surgery-group-new-york-2,https://www.dermandplastics.com,,200 W 57th StSuite #510,New York,NY,10019
Natural,Doctors Plastic Surgery,4.5,(718) 395-5220,http://yelp.com/biz/doctors-plastic-surgery-long-island-city,,,,,,,undefined method `[]' for nil:NilClass
Natural,West Village Plastic Surgery,5.0,(646) 725-8447,http://yelp.com/biz/west-village-plastic-surgery-new-york-2,http://www.westvillageplasticsurgery.com/,,115 Washington PlaceUnit B,New York,NY,10014
Natural,Chelsea Skin and Laser,4.5,(212) 675-0549,http://yelp.com/biz/chelsea-skin-and-laser-new-york-2,http://chelseaskincenter.com/,,245 W 19th St,New York,NY,10011
Natural,New Look New Life Surgical Arts,5.0,(347) 599-0091,http://yelp.com/biz/new-look-new-life-surgical-arts-brooklyn,http://www.newlooknewlife.com/,,71 Carroll Street,Brooklyn,NY,11231
Natural,"William Portnoy, MD",4.5,(212) 366-0848,http://yelp.com/biz/william-portnoy-md-new-york,http://www.drportnoy.com,,160 W 18th St,New York,NY,10011
Natural,"Nadia Afridi, MD",5.0,(212) 421-5100,http://yelp.com/biz/nadia-afridi-md-new-york,http://www.nycfemaleplasticsurgeon.com,,815 Park Ave,New York,NY,10021
Natural,Aristocrat Plastic Surgery & MedAesthetics - Dr. Kevin Tehrani,5.0,(516) 498-9790,http://yelp.com/biz/aristocrat-plastic-surgery-and-medaesthetics-dr-kevin-tehrani-great-neck,http://www.AristocratPS.com,,560 Northern BlvdSte 109,Great Neck,NY,11021
Natural,Chelsea Eye & Cosmetic Surgery Associates,4.0,(212) 727-3717,http://yelp.com/biz/chelsea-eye-and-cosmetic-surgery-associates-new-york,http://chelseaeye.com,,157 W 19th St,New York,NY,10011
Natural,"Roman Rayham, MD",5.0,(718) 484-1022,http://yelp.com/biz/roman-rayham-md-brooklyn,http://www.rrplastix.com/,,1616B Voorhies AveSte 11W,Brooklyn,NY,11235
Ad,Manhattan Facial Plastic Surgery,4.5,(212) 452-3362,http://www.yelp.com/biz/manhattan-facial-plastic-surgery-new-york,http://www.drsamrizk.com,,1040 Park Ave,New York,NY,10028
Natural,"Garrett H Bennett, MD",5.0,(212) 980-2600,http://yelp.com/biz/garrett-h-bennett-md-new-york-2,http://www.NYCFaceMD.com,,115 E 61st StSte 7C,New York,NY,10065
Natural,Dr. Jessica Krant - Art of Dermatology,4.5,(212) 488-5599,http://yelp.com/biz/jessica-krant-art-of-dermatology-new-york,http://www.artofdermatology.com,,860 5th Avenue,New York,NY,10065
Natural,"Mordcai Blau, MD PC",4.5,(914) 428-4700,http://yelp.com/biz/mordcai-blau-md-pc-white-plains,http://www.cosmetic-md.com,,12 Greenridge Avenue,White Plains,NY,10605
Natural,Kings Highway Oral Surgery,5.0,(718) 576-6999,http://yelp.com/biz/kings-highway-oral-surgery-brooklyn,http://kingshighwayoms.com,,1610 E 19th St,Brooklyn,NY,11229
Natural,NYC Surgical Associates,4.5,(888) 286-6600,http://yelp.com/biz/nyc-surgical-associates-manhattan-4,http://www.nycsurgical.net/,,14 E 60th StSte 501,Manhattan,NY,10022
Natural,"Jonathan H. Sherwyn, MD",5.0,(212) 517-2700,http://yelp.com/biz/jonathan-h-sherwyn-md-new-york,http://www.drsherwyn.com,,50 East 79th Street,New York,NY,10075
Natural,"Richard Swift, MD",4.5,(212) 577-9324,http://yelp.com/biz/richard-swift-md-new-york,http://www.plasticsurgeonnyc.com/,,110 E 87th St,New York,NY,10128
Natural,"Ethos Spa, Skin And Laser Center",4.5,(908) 273-5400,http://yelp.com/biz/ethos-spa-skin-and-laser-center-summit,http://www.myethosspa.com,,89 Summit Ave,Summit,NJ,07901
Natural,Park Avenue Aesthetic Surgery,4.0,(212) 481-3939,http://yelp.com/biz/park-avenue-aesthetic-surgery-new-york,http://www.drsenderoff.com,,461 Park Ave S7th Fl,New York,NY,10016
Natural,The Kaplan Center for Plastic & Reconstructive Surgery,4.5,(201) 786-1977,http://yelp.com/biz/the-kaplan-center-for-plastic-and-reconstructive-surgery-edgewater-4,http://www.thekaplancenter.com/,,1033 River RdSte 1,Edgewater,NJ,07020
Natural,"Samer Jaber, MD",5.0,(646) 854-6744,http://yelp.com/biz/samer-jaber-md-new-york,http://www.jaberdermatology.com,,18 Washington Square North,New York,NY,10011
Natural,"Howard Sobel, MD PC",3.5,(212) 288-0060,http://yelp.com/biz/howard-sobel-md-pc-new-york,http://www.drsobel.com/,,960 Park Ave,New York,NY,10028
Natural,"Barry M Weintraub, MD",4.5,(855) 733-1717,http://yelp.com/biz/barry-m-weintraub-md-new-york,http://drbarryweintraub.com/,,800A 5th Ave,New York,NY,10065
Natural,"Maurice M Khosh, MD, FACS",4.5,(212) 339-9988,http://yelp.com/biz/maurice-m-khosh-md-facs-new-york,http://www.facedoctornyc.com/,,580 Park Ave,New York,NY,10065
Natural,"Adam Kolker, MD",4.5,(212) 744-6500,http://yelp.com/biz/adam-kolker-md-new-york,http://www.kolkermd.com/,,710 Park Ave,New York,NY,10021
Natural,"Albert Jen, MD",3.5,(718) 670-0006,http://yelp.com/biz/albert-jen-md-flushing,http://albertjenmd.com/,,136-20 38th AveSte 7J,Flushing,NY,11354
Natural,"Scott J Zevon, MD, FACS",5.0,(212) 496-6600,http://yelp.com/biz/scott-j-zevon-md-facs-new-york-2,http://www.drzevon.com,,75 Central Park W,New York,NY,10023
Natural,"Jon B Turk, MD",5.0,(212) 421-4845,http://yelp.com/biz/jon-b-turk-md-new-york-2,http://www.jonturkmd.com,,800A 5th Ave,New York,NY,10065
Natural,"Soignez-Vous Aesthetics by Lisa Hartman, PA-C",5.0,(929) 244-9894,http://yelp.com/biz/soignez-vous-aesthetics-by-lisa-hartman-pa-c-manhattan,http://lisahartmanpac.com/,,919 2nd AveSecond Floor,Manhattan,NY,10017
Natural,"Steven J Pearlman, MD, FACS",4.5,(212) 223-8300,http://yelp.com/biz/dr-steven-pearlman-new-york-15,,,,,,,undefined method `[]' for nil:NilClass
Natural,Dr Racanelli - Plastic Surgeon,5.0,(888) 409-0801,http://yelp.com/biz/dr-racanelli-plastic-surgeon-brooklyn,http://www.drracanelli.com,,1575 E 19th St4th Floor,Brooklyn,NY,11230
Natural,Precision Aesthetics,5.0,(212) 799-1411,http://yelp.com/biz/precision-aesthetics-new-york,http://www.precisionaestheticsmd.com/,,10 W 74th StSte 1A,New York,NY,10023
Natural,New Face New York,4.5,(212) 595-1922,http://yelp.com/biz/new-face-new-york-new-york,http://newfaceny.com/,,969 Park AveSte 1C,New York,NY,10028
Natural,"Adam Schaffner, MD, FACS",5.0,(212) 481-6696,http://yelp.com/biz/adam-schaffner-md-facs-new-york,http://www.plasticsurgeoninnyc.com,,461 Park Avenue South#7A,New York,NY,10016
Natural,"Douglas M Senderoff, MD",3.5,(212) 481-3939,http://yelp.com/biz/douglas-m-senderoff-md-new-york,http://www.drsenderoff.com,,461 Park Ave S7th Fl,New York,NY,10016
Natural,"Yael Halaas, MD",4.5,(212) 688-5955,http://yelp.com/biz/yael-halaas-md-new-york-2,http://www.drhalaas.com,,120 E 56th StSte 800,New York,NY,10022
Natural,"John A Perrotti, MD",5.0,(212) 861-6363,http://yelp.com/biz/john-a-perrotti-md-new-york-3,http://www.drperrotti.com,,330 E 63rd StSte 1H,New York,NY,10065
Natural,"Darrick E. Antell, MD, FACS",4.0,(212) 988-4040,http://yelp.com/biz/darrick-e-antell-md-facs-new-york,http://www.antell-md.com/,,850 Park Avenue,New York,NY,10075
Natural,Modern Dermatology,4.5,(212) 379-6477,http://yelp.com/biz/modern-dermatology-new-york-3,http://www.moderndermatologynyc.com,,65 BroadwaySte 1100,New York,NY,10006
Natural,NYC Medical Associates,3.0,(212) 843-5743,http://yelp.com/biz/nyc-medical-associates-new-york-2,http://www.veincenters.net,,333 East 49th StLobby D,New York,NY,10017
Natural,Hoboken Med Spa,3.0,(201) 313-8899,http://yelp.com/biz/edgewater-and-hoboken-cosmetic-and-laser-centers-hoboken,http://www.hobokenmedspa.com/,,79 Judson StSuite 301,Hoboken,NJ,07030
Natural,"Ramtin Kassir, MD",3.5,(973) 692-9300,http://yelp.com/biz/ramtin-kassir-md-wayne,http://www.drkassir.com,,Mona Lisa Cosmetic Surgery Center1176 Hamburg Tpke,Wayne,NJ,07470
Natural,"Danny Fong, MD",4.5,(212) 343-9009,http://yelp.com/biz/danny-fong-md-new-york,,,,,,,undefined method `[]' for nil:NilClass
Natural,New York Oral & Facial Surgery,5.0,(212) 355-8500,http://yelp.com/biz/new-york-oral-and-facial-surgery-new-york-2,http://www.oralfacialsurgeon.com,,18 E 48th StSte 1502,New York,NY,10017
Natural,"Michael A Fiorillo, MD",4.5,(845) 623-6141,http://yelp.com/biz/michael-a-fiorillo-md-pearl-river,http://www.drfiorillo.com,,150 S Pearl St,Pearl River,NY,10965
Natural,"Roy B Stoller, DO",5.0,(212) 920-4499,http://yelp.com/biz/roy-b-stoller-do-new-york-2,http://www.roystoller.com,,515 Madison AveSte 1205,New York,NY,10022
Natural,"Sachin M. Shridharani, MD - LUXURGERYР’В©",5.0,(212) 508-0000,http://yelp.com/biz/sachin-m-shridharani-md-new-york-2,http://luxurgerynyc.com,,800A 5th Ave,New York,NY,10065
Natural,New Jersey Plastic Surgery,3.0,(973) 509-2000,http://yelp.com/biz/new-jersey-plastic-surgery-montclair,http://www.newjerseyplasticsurgery.com,,29 Park St,Montclair,NJ,07042
Natural,"Matthew W Р’В White, MD",5.0,(646) 501-7906,http://yelp.com/biz/matthew-w-white-md-manhattan,http://www.drmatthewwhite.com/,,240 E 38th St14th Fl,Manhattan,NY,10016
Natural,"Joseph Racanelli, MD",5.0,(888) 409-0801,http://yelp.com/biz/joseph-racanelli-md-morristown,http://drracanelli.com/,,9 Madison St,Morristown,NJ,07960
Natural,New York Center For Facial Plastic & Laser Surgery,5.0,(212) 570-2500,http://yelp.com/biz/new-york-center-for-facial-plastic-and-laser-surgery-new-york,http://www.newyorkfacialplasticsurgery.com,,990 5th Ave,New York,NY,10075
Natural,Dr. Paul Jarrod Frank,4.0,(212) 327-2919,http://yelp.com/biz/dr-paul-jarrod-frank-new-york,http://www.pfrankmd.com,,1049 5th AveSte 2B,New York,NY,10028
Natural,Bespoke Surgical,4.5,(212) 206-1501,http://yelp.com/biz/bespoke-surgical-new-york-2,http://www.bespokesurgical.com/,,160 7th Ave S,New York,NY,10014
Natural,The Breslow Center,5.0,(201) 444-9522,http://yelp.com/biz/the-breslow-center-paramus,http://www.breslowmd.com/,,1 W Ridgewood AveSte 110,Paramus,NJ,07652
Natural,"Ayman Shahine, MD",2.0,(718) 745-7172,http://yelp.com/biz/ayman-shahine-md-brooklyn-2,http://www.nybeautysurgeon.com/,,334 86th St,Brooklyn,NY,11209
Natural,"Joshua Greenwald, MD, FACS",5.0,(212) 518-1642,http://yelp.com/biz/joshua-greenwald-md-facs-new-york,http://www.drgreenwald.com,,166 5th Ave2nd Fl,New York,NY,10010
Natural,"Ariel Ostad, MD, PC",3.0,(212) 517-7900,http://yelp.com/biz/ariel-ostad-md-pc-new-york,http://drarielostad.com,,897 Lexington Ave,New York,NY,10065
Natural,"George Yang, M.D.",5.0,(877) 692-3223,http://yelp.com/biz/george-yang-m-d-new-york,http://www.GeorgeYangMD.com,,"Millennium Facial Plastic Surgery, PLLC132 E 76th St, Ste 2B",New York,NY,10021
Natural,EBS Plastic Surgery,5.0,(212) 517-5600,http://yelp.com/biz/ebs-plastic-surgery-new-york,http://www.ebsplasticsurgery.com/,,120 East 56th St #800,New York,NY,10022
Natural,Laser & Skin Surgery Center of NY,3.5,(212) 686-7306,http://yelp.com/biz/laser-and-skin-surgery-center-of-ny-new-york,http://www.laserskinsurgery.com,,317 E 34th St,New York,NY,10016
Natural,"Amnon E Sadeh, MD",3.0,(718) 268-3322,http://yelp.com/biz/amnon-e-sadeh-md-forest-hills,,,,,,,undefined method `[]' for nil:NilClass
Natural,"T.Y. Steven Ip, M.D., F.A.C.S.",5.0,(855) 742-8800,http://yelp.com/biz/t-y-steven-ip-m-d-f-a-c-s-new-york,http://www.surgery-plasticsurgeon.com/,,799 Park Ave,New York,NY,10021
Natural,"Jennifer Levine, MD PLLC",4.5,(212) 517-9400,http://yelp.com/biz/jennifer-levine-md-new-york,http://www.drjenniferlevine.com,,240 East 79th Street,New York,NY,10075
Natural,"Kate McCarn, MD",5.0,(646) 962-2285,http://yelp.com/biz/kate-mccarn-md-new-york,http://www.drmccarn.com,,1305 York Ave5th Fl,New York,NY,10065
Natural,Spiro Plastic Surgery,5.0,(973) 736-5907,http://yelp.com/biz/spiro-plastic-surgery-west-orange-4,http://www.drspiro.com,,101 Old Short Hills RdSte 510,West Orange,NJ,07052
Natural,Anume Med Spa,5.0,(201) 418-3700,http://yelp.com/biz/anume-med-spa-jersey-city-2,http://www.anumemedspa.com,,600 Pavonia Ave2nd Fl,Jersey City,NJ,07302
Natural,Fountain of Youth Rx,3.5,(718) 966-1412,http://yelp.com/biz/fountain-of-youth-rx-staten-island,http://fountainofyouthrx.com,,3733 Richmond AveSte 1a,Staten Island,NY,10312
Natural,Madison Plastic Surgery PC,3.0,(212) 628-7600,http://yelp.com/biz/madison-plastic-surgery-pc-new-york,http://www.madisonps.com/,,110 E 66th St,New York,NY,10064
Natural,Schweiger Dermatology - Midtown,3.5,(212) 283-3000,http://yelp.com/biz/schweiger-dermatology-midtown-new-york,http://www.schweigerderm.com/locations/new-york/midtown/,,110 E 55th StFloor 14,New York,NY,10022
Natural,"Norman J Pastorek, MD PC FACS",5.0,(212) 987-4700,http://yelp.com/biz/norman-j-pastorek-md-pc-facs-new-york,http://www.normanpastorekmd.com/,,1127 Park Ave,New York,NY,10128
Natural,"Alfred Sofer, MD",4.5,(203) 336-9862,http://yelp.com/biz/alfred-sofer-md-fairfield,http://www.drsofer.com,,Plastic Surgery Center of Fairfield33 Miller St,Fairfield,CT,06824
Natural,New Look Plastic Surgery,N/A,(917) 383-2138,http://yelp.com/biz/new-look-plastic-surgery-brooklyn,http://www.newlooknyc.com,,9920 4th AveSte 308,Brooklyn,NY,11209
Natural,Central Park Cosmetics,5.0,(646) 692-3248,http://yelp.com/biz/central-park-cosmetics-new-york-2,http://www.centralparkcosmetics.com,,200 W 57th StSte 1005,New York,NY,10019
Natural,"Gary J Lelli, MD",5.0,(646) 962-2020,http://yelp.com/biz/gary-j-lelli-md-new-york,http://www.weillcornell.org,,Weill Cornell Eye Associates1305 York Ave,New York,NY,10021
Natural,"Matthew R. Schulman, MD",3.5,(212) 289-1851,http://yelp.com/biz/matthew-r-schulman-md-new-york,http://www.drschulmanplasticsurgery.com,,950 Park Ave,New York,NY,10028
Natural,"Paul Z Lorenc, MD FACS",5.0,(212) 472-2900,http://yelp.com/biz/paul-z-lorenc-md-facs-new-york,http://www.lorenc.com,,983 Park Ave,New York,NY,10028
Natural,Bulan Plastic Surgery,5.0,(973) 467-9744,http://yelp.com/biz/bulan-plastic-surgery-millburn,http://www.drerwinbulan.com,,75 Main StSte 105,Millburn,NJ,07041
Natural,Vogue Plastic Surgery,N/A,(718) 321-8950,http://yelp.com/biz/vogue-plastic-surgery-flushing,http://www.vogueps.com/,,136-20 38th Ave,Flushing,NY,11354
Natural,"Brian S Glatt, MD, FACS",5.0,(973) 889-9300,http://yelp.com/biz/brian-s-glatt-md-facs-morristown,http://www.drbrianglatt.com,,310 Madison AveSte 100,Morristown,NJ,07960
Natural,Parker Center For Plastic Surgery,3.0,(201) 967-1212,http://yelp.com/biz/parker-center-for-plastic-surgery-paramus,http://www.parkercenter.net,,122 E Ridgewood Ave,Paramus,NJ,07652
Natural,Michelle Zweifler MD,4.0,(212) 355-0500,http://yelp.com/biz/michelle-zweifler-md-new-york,http://www.drmichellezweifler.com/,,800A 5th Avenue,New York,NY,10065
Natural,"Nicole Schrader, MD, FACS",5.0,(609) 279-0009,http://yelp.com/biz/nicole-schrader-md-facs-princeton,http://www.princetonface.com,,615-616 Executive Dr,Princeton,NJ,08540
